INSERT INTO USER (uId, username, password, email) VALUES (1, 'jrob93', 'Hammer93', 'jrob93@qa.com')
INSERT INTO USER (uId, username, password, email) VALUES (2, 'mmist96', 'Netflix96', 'mmist96@qa.com')
INSERT INTO USER (uId, username, password, email) VALUES (3, 'kryan95', 'Gymsch24', 'kryan95@qa.com')
INSERT INTO USER (uId, username, password, email) VALUES (4, 'kpatel95', 'Password95', 'kpatel95@qa.com')
INSERT INTO USER (uId, username, password, email) VALUES (5, 'omiller92', 'Magics92', 'omiller92@qa.com')

INSERT INTO STORGAE (bId, uId) VALUES (1, 1)
INSERT INTO STORGAE (bId, uId) VALUES (2, 2)
INSERT INTO STORGAE (bId, uId) VALUES (3, 3)
INSERT INTO STORGAE (bId, uId) VALUES (4, 4)
INSERT INTO STORGAE (bId, uId) VALUES (5, 5)

INSERT INTO CHARACTER (cId, name, typeId, alignment, rId, hp, atk, def, lId, catId) VALUES (1, 'SSJ3 Gotenks', 2, 'Super', 6, 9578, 10453, 5478, 1, 1)
INSERT INTO CHARACTER (cId, name, typeId, alignment, rId, hp, atk, def, lId, catId) VALUES (2, 'SSJ Goku and Vegeta', 2, 'Super', 7, 15348, 14573, 7854, 1, 1)
INSERT INTO CHARACTER (cId, name, typeId, alignment, rId, hp, atk, def, lId, catId) VALUES (3, 'SSJ Gotenks', 2, 'Super', 6, 8697, 9645, 4677, 1, 1)
INSERT INTO CHARACTER (cId, name, typeId, alignment, rId, hp, atk, def, lId, catId) VALUES (4, 'SSJ Vegeta', 2, 'Super', 6, 10425, 9864, 5786, 1, 1)
INSERT INTO CHARACTER (cId, name, typeId, alignment, rId, hp, atk, def, lId, catId) VALUES (5, 'Super Vegito', 2, 'Super', 6, 8657, 9687, 4567, 1, 1)
INSERT INTO CHARACTER (cId, name, typeId, alignment, rId, hp, atk, def, lId, catId) VALUES (6, 'Mui Goku', 2, 'Super', 5, 7587, 6543, 3454, 1, 1)
INSERT INTO CHARACTER (cId, name, typeId, alignment, rId, hp, atk, def, lId, catId) VALUES (7, 'SSJ4 Goku', 5, 'Super', 7, 14758, 15869, 8321, 1, 1)
INSERT INTO CHARACTER (cId, name, typeId, alignment, rId, hp, atk, def, lId, catId) VALUES (8, 'Evo Vegeta', 5, 'Super', 6, 10245, 9524, 5872, 1, 1)
INSERT INTO CHARACTER (cId, name, typeId, alignment, rId, hp, atk, def, lId, catId) VALUES (9, 'Gogeta Blue', 5, 'Super', 6, 9754, 10567, 4867, 1, 1)
INSERT INTO CHARACTER (cId, name, typeId, alignment, rId, hp, atk, def, lId, catId) VALUES (10, 'SSJ3 goku', 5, 'Super', 8, 13575, 15012, 6874, 1, 1)
INSERT INTO CHARACTER (cId, name, typeId, alignment, rId, hp, atk, def, lId, catId) VALUES (11, 'Super Vegito', 5, 'Super', 6, 8675, 7675, 4387, 1, 1)
INSERT INTO CHARACTER (cId, name, typeId, alignment, rId, hp, atk, def, lId, catId) VALUES (12, 'Tapion', 5, 'Super', 6, 7867, 8765, 5465, 1, 1)
INSERT INTO CHARACTER (cId, name, typeId, alignment, rId, hp, atk, def, lId, catId) VALUES (13, 'LSS Broly', 1, 'Extreme', 7, 15436, 14258, 5367, 1, 1)
INSERT INTO CHARACTER (cId, name, typeId, alignment, rId, hp, atk, def, lId, catId) VALUES (14, 'Beserk Broly', 5, 'Extreme', 8, 13546, 14578, 5786, 1, 1)
INSERT INTO CHARACTER (cId, name, typeId, alignment, rId, hp, atk, def, lId, catId) VALUES (15, 'Mui Goku', 3, 'Super', 6, 11457, 9654, 5756, 1, 1)
INSERT INTO CHARACTER (cId, name, typeId, alignment, rId, hp, atk, def, lId, catId) VALUES (16, 'SSJ4 Gogeta', 4, 'Super', 6, 10867, 11575, 8676, 1, 1)
INSERT INTO CHARACTER (cId, name, typeId, alignment, rId, hp, atk, def, lId, catId) VALUES (17, 'Super Gogeta', 1, 'Super', 6, 8765, 9546, 5467, 1, 1)
INSERT INTO CHARACTER (cId, name, typeId, alignment, rId, hp, atk, def, lId, catId) VALUES (18, 'Turles', 5, 'Extreme', 6, 9898, 11425, 5241, 1, 1)
INSERT INTO CHARACTER (cId, name, typeId, alignment, rId, hp, atk, def, lId, catId) VALUES (19, 'Super Janemba', 3, 'Extreme', 8, 15786, 14658, 7685, 1, 1)
INSERT INTO CHARACTER (cId, name, typeId, alignment, rId, hp, atk, def, lId, catId) VALUES (20, 'FF Frieza', 4, 'Extreme', 6, 11578, 10548, 5742, 1, 1)
INSERT INTO CHARACTER (cId, name, typeId, alignment, rId, hp, atk, def, lId, catId) VALUES (21, 'FF Cooler', 2, 'Extreme', 6, 10453, 8675, 4124, 1, 1)
INSERT INTO CHARACTER (cId, name, typeId, alignment, rId, hp, atk, def, lId, catId) VALUES (22, 'Super 17', 5, 'Extreme', 6, 10425, 9654, 5123, 1, 1)
INSERT INTO CHARACTER (cId, name, typeId, alignment, rId, hp, atk, def, lId, catId) VALUES (23, 'Android 17 & 18', 5, 'Extreme', 7, 14758, 15869, 8321, 1, 1)
INSERT INTO CHARACTER (cId, name, typeId, alignment, rId, hp, atk, def, lId, catId) VALUES (24, 'Golden Frieza', 5, 'Extreme', 6, 8675, 7568, 4231, 1, 1)
INSERT INTO CHARACTER (cId, name, typeId, alignment, rId, hp, atk, def, lId, catId) VALUES (25, 'FF Cooler', 5, 'Extreme', 6, 8965, 6897, 4130, 1, 1)
INSERT INTO CHARACTER (cId, name, typeId, alignment, rId, hp, atk, def, lId, catId) VALUES (26, 'Saibamen', 2, 'Extreme', 1, 500, 752, 678, 1, 1)
INSERT INTO CHARACTER (cId, name, typeId, alignment, rId, hp, atk, def, lId, catId) VALUES (27, 'SSJ4 Vegeta', 1, 'Super', 4, 7865, 6425, 3452, 1, 1)
INSERT INTO CHARACTER (cId, name, typeId, alignment, rId, hp, atk, def, lId, catId) VALUES (28, 'Kid Goku', 4, 'Super', 2, 2004, 4342, 1025, 1, 1)
INSERT INTO CHARACTER (cId, name, typeId, alignment, rId, hp, atk, def, lId, catId) VALUES (29, 'Gohan', 4, 'Super', 3, 5002, 4236, 2145, 1, 1)

INSERT INTO RARITY (rId, name, lvMax) VALUES (1, 'N', 20)
INSERT INTO RARITY (rId, name, lvMax) VALUES (2, 'R', 40)
INSERT INTO RARITY (rId, name, lvMax) VALUES (3, 'SR', 60)
INSERT INTO RARITY (rId, name, lvMax) VALUES (4, 'SSR', 80)
INSERT INTO RARITY (rId, name, lvMax) VALUES (5, 'UR', 100)
INSERT INTO RARITY (rId, name, lvMax) VALUES (6, 'TUR', 120)
INSERT INTO RARITY (rId, name, lvMax) VALUES (7, 'LR', 150)
INSERT INTO RARITY (rId, name, lvMax) VALUES (8, 'Eza', 140)

INSERT INTO TYPE (typeId, name) VALUES (1, 'Str')
INSERT INTO TYPE (typeId, name) VALUES (2, 'Phy')
INSERT INTO TYPE (typeId, name) VALUES (3, 'Int')
INSERT INTO TYPE (typeId, name) VALUES (4, 'Teq')
INSERT INTO TYPE (typeId, name) VALUES (5, 'Agl')

INSERT INTO LEADER (lId, which, boost) VALUES (1, 1, 100)

INSERT INTO CATEGORY (catId, name) VALUES (1, 'trial')

INSERT INTO STORELINE (bId, cId, lv) VALUES (1, 1, 56)

INSERT INTO TEAM (tId, uId) VALUES (1, 1)

INSERT INTO TEAMLINE (tId, cId) VALUES (1, 5)

